Title,Company,Location,Link
Maintenance Technician,None,"Coralville, IA",https://www.indeed.com/viewjob?jk=2f3b53687277d7c5&from=serp&vjs=3
Project Manager,None,"Los Angeles, CA",https://www.indeed.com/viewjob?jk=85a7631c2584039e&from=serp&vjs=3
Accountant,None,"Mustang, OK",https://www.indeed.com/viewjob?jk=3074ffac47d9ce25&from=serp&vjs=3
Customer Service Associate (Remote),None,"Reno, NV",https://www.indeed.com/viewjob?jk=e13c762bd893631d&from=serp&vjs=3
CDL Class A Driver,None,"Omaha, NE",https://www.indeed.com/viewjob?jk=d3b4a4de6d777359&from=serp&vjs=3
Customer Service Associate (Remote),None,"Reno, NV",https://www.indeed.com/viewjob?jk=b924f8aa99ffec6f&from=serp&vjs=3
Marketing Coordinator,None,"Mooresville, NC",https://www.indeed.com/viewjob?jk=8193718033f34f31&from=serp&vjs=3
Child Care Center - Closer,None,"Audubon, IA",https://www.indeed.com/viewjob?jk=95917016e37ba868&from=serp&vjs=3
Interior Designer,None,Remote,https://www.indeed.com/viewjob?jk=f268e0ff7c64f0ff&from=serp&vjs=3
Seasonal Warehouse Associate,None,"Skokie, IL",https://www.indeed.com/viewjob?jk=9d90d8eed27829ac&from=serp&vjs=3
Intimate Partner Violence/Domestic Violence Bilingual Court Advocate,None,"Lexington, KY",https://www.indeed.com/viewjob?jk=bcff8c0c19197618&from=serp&vjs=3
Fragrance Freelance Specialist,None,"Seattle, WA",https://www.indeed.com/viewjob?jk=56ec97534e8abd76&from=serp&vjs=3
CPR/First Aid Instructor,None,"Toledo, OH",https://www.indeed.com/viewjob?jk=a96a124f53efd0ad&from=serp&vjs=3
Property Manager,None,"Coralville, IA",https://www.indeed.com/viewjob?jk=216f673a27cd2b1f&from=serp&vjs=3
Logistics Coordinator,None,"Oklahoma City, OK",https://www.indeed.com/viewjob?jk=1c0fe61cbae06af7&from=serp&vjs=3
Housekeeper,None,"Davenport, IA",https://www.indeed.com/viewjob?jk=cfa2fed4a70b0409&from=serp&vjs=3
Toy Retail Salesperson,None,"Atlanta, GA",https://www.indeed.com/viewjob?jk=869c717b80b65d00&from=serp&vjs=3
Receptionist,None,"Greenbelt, MD",https://www.indeed.com/viewjob?jk=1b9e3fb7180a0c09&from=serp&vjs=3
Fragrance Freelance Associate,None,"Oak Brook, IL",https://www.indeed.com/viewjob?jk=bf7ae45c322eb0e8&from=serp&vjs=3
Front Desk Receptionist,None,"Lakewood, CO",https://www.indeed.com/viewjob?jk=b87b47b3ac4c4b56&from=serp&vjs=3
Manager for Gymnastics Center,None,"Eagle, ID",https://www.indeed.com/viewjob?jk=d9636ab7c2dae712&from=serp&vjs=3
Data Entry Associate,None,"Mantua, NJ",https://www.indeed.com/viewjob?jk=88611c967110babf&from=serp&vjs=3
Sales Associate,None,"Nashville, TN",https://www.indeed.com/viewjob?jk=e8598f00bc0e23c4&from=serp&vjs=3
Sales Associate,None,"Austin, TX",https://www.indeed.com/viewjob?jk=f8a4b358d705d25d&from=serp&vjs=3
Project Coordinator,None,"Gloucester City, NJ",https://www.indeed.com/viewjob?jk=24bfbf540e6ced96&from=serp&vjs=3
Assistant Teacher,None,"Columbia, MD",https://www.indeed.com/viewjob?jk=a37c1d6008c5c1c1&from=serp&vjs=3
Data Entry Associate,None,"Mantua, NJ",https://www.indeed.com/viewjob?jk=1fdd75def35dfe68&from=serp&vjs=3
Innkeeper / Manager,None,"Priest River, ID",https://www.indeed.com/viewjob?jk=58c957f256cbf98e&from=serp&vjs=3
Associate Account Manager,None,"Mantua, NJ",https://www.indeed.com/viewjob?jk=85fdae3402c9e2e9&from=serp&vjs=3
Hostess - Host - Expo - Busser (Restaurant exp. req.),None,"Venice, FL",https://www.indeed.com/viewjob?jk=221f333d70e5625a&from=serp&vjs=3
Business Office Manager,None,"Greenville, SC",https://www.indeed.com/viewjob?jk=598e38ea01a7aa61&from=serp&vjs=3
Retail Associate,None,"Johnson City, TN",https://www.indeed.com/viewjob?jk=c55eebdc19307665&from=serp&vjs=3
Sales Associate (PT),None,"Santa Monica, CA",https://www.indeed.com/viewjob?jk=cb9f3981bfd2a2a1&from=serp&vjs=3
Packer/Unpacker,None,"Golden Valley, MN",https://www.indeed.com/viewjob?jk=a12c800c37aeea64&from=serp&vjs=3
Marketing Director for Real Estate Company,None,"Newport News, VA",https://www.indeed.com/viewjob?jk=2308286a06a19b37&from=serp&vjs=3
Teacher Assistant,None,"Lauderhill, FL",https://www.indeed.com/viewjob?jk=314f3b9c448746f0&from=serp&vjs=3
Bagel Cafe/Grill Manager,None,"Brooklyn, NY",https://www.indeed.com/viewjob?jk=89d90dafbb025ca3&from=serp&vjs=3
Leadership,None,"Southlake, TX",https://www.indeed.com/viewjob?jk=f1fe38f804920b33&from=serp&vjs=3
Infant & Toddler Teacher Assistant,None,"Blacksburg, VA",https://www.indeed.com/viewjob?jk=f95618d1c9c1b9df&from=serp&vjs=3
Program Facilitator,None,"Charlotte, NC",https://www.indeed.com/viewjob?jk=058f6037b3cd0015&from=serp&vjs=3
Kitchen Staff,None,"New Lothrop, MI",https://www.indeed.com/viewjob?jk=b456994997822000&from=serp&vjs=3
Production Associate,None,"Gloucester City, NJ",https://www.indeed.com/viewjob?jk=07f59e2876974543&from=serp&vjs=3
Crows Nest Programs - Human Service Technician (HST),None,"Litchfield, MN",https://www.indeed.com/viewjob?jk=c5848bc3c5f9ada7&from=serp&vjs=3
Food Safety Coordinator,None,"North Richland Hills, TX",https://www.indeed.com/viewjob?jk=8b0f763662cd58bf&from=serp&vjs=3
Assistant Teacher,None,"Eliot, ME",https://www.indeed.com/viewjob?jk=d5a745823da38fec&from=serp&vjs=3
In Home Caregiver,None,"Allentown, PA",https://www.indeed.com/viewjob?jk=b231661255853a4a&from=serp&vjs=3
Assistant Teacher,None,"Moorhead, MN",https://www.indeed.com/viewjob?jk=3f76dbf128a5e285&from=serp&vjs=3
Real Estate Listing Manager,None,"Sparta, NJ",https://www.indeed.com/viewjob?jk=2c36a43f3dcafd51&from=serp&vjs=3
Part Time Closer,None,"Rapid City, SD",https://www.indeed.com/viewjob?jk=bdefc8f9b28ee0b9&from=serp&vjs=3
Assistant Superintendent,None,"Phoenix, MD",https://www.indeed.com/viewjob?jk=82a2525c9d6ceaff&from=serp&vjs=3
Lawrenceville GetGo Now Hiring,GetGo,"Pittsburgh, PA",https://www.indeed.com/viewjob?jk=d64f1931b412af12&from=serp&vjs=3
Store Manager,12 Retail Corporation,"Montville, CT",https://www.indeed.com/viewjob?jk=cf6445f7062aeb73&from=serp&vjs=3
"Diversity, Equity and Inclusion Coordinator",University of Hartford,"West Hartford, CT",https://www.indeed.com/viewjob?jk=d4810ccca3ecf8be&from=serp&vjs=3
Student Services Specialist,Montclair State University,"Montclair, NJ",https://www.indeed.com/viewjob?jk=bed6ebbfce97d684&from=serp&vjs=3
Simple Task Worker,"US&S, Inc.","Aiken, SC",https://www.indeed.com/viewjob?jk=68182e74e08931df&from=serp&vjs=3
Data Entry Specialist - Administrative,Merieux NutriSciences,"Crete, IL",https://www.indeed.com/viewjob?jk=27172b2652036d80&from=serp&vjs=3
Production Coordinator - Manufacturing - $500 Bonus!,Cornerstone Building Brands,"Monticello, IA",https://www.indeed.com/viewjob?jk=0b06f7d30f2b299e&from=serp&vjs=3
Chemist 1,Merieux NutriSciences,"Crete, IL",https://www.indeed.com/viewjob?jk=dbb30f38aa87675c&from=serp&vjs=3
Node.js Developer,Infopulse,Remote,https://www.indeed.com/viewjob?jk=26cc5fa02aaa150a&from=serp&vjs=3
Property Manager,None,"Coralville, IA",https://www.indeed.com/viewjob?jk=216f673a27cd2b1f&from=serp&vjs=3
OPS-Biological Scientist II - 77901818,The State of Florida,"Kenansville, FL",https://www.indeed.com/viewjob?jk=bb159c95b8e357ca&from=serp&vjs=3
Contractor,CabanUp AMI Beach Rentals,"Holmes Beach, FL",https://www.indeed.com/viewjob?jk=3d6d633d81421b5f&from=serp&vjs=3
Chief Equity and Inclusion Officer,Crystal Springs Uplands School,"Francisco, IN",https://www.indeed.com/viewjob?jk=9f2a5104f5b30378&from=serp&vjs=3
Molecular Microbiologist,Merieux NutriSciences,"Crete, IL",https://www.indeed.com/viewjob?jk=3be0558d8acda1d8&from=serp&vjs=3
"Director of Hardware Product Design, Google Nest",Google,"Mountain View, CA",https://www.indeed.com/viewjob?jk=c22410ef5fb14777&from=serp&vjs=3
Egg Gatherer,"Cooper Farms, Inc.","Bryan, OH",https://www.indeed.com/viewjob?jk=6b29ac5097bc7c0c&from=serp&vjs=3
Cobb - Pedigree House Worker / Traps,"Tyson Foods, Inc.","Spavinaw, OK",https://www.indeed.com/viewjob?jk=9a5d75b5d646dd82&from=serp&vjs=3
Production Control Assistant,Austin Engineering - STREAMLINE,"Mills, WY",https://www.indeed.com/viewjob?jk=ddae7003b6d42b31&from=serp&vjs=3
Kansas City - IT Consultant,Techmate,"Kansas City, MO",https://www.indeed.com/viewjob?jk=95c7b44fe4d028d9&from=serp&vjs=3
Retail Sales Associate,260 Sample Sale,"New York, NY",https://www.indeed.com/viewjob?jk=0ccaf1d88baa3c42&from=serp&vjs=3
Landscape Supervisor,TRAX International,"Norman, OK",https://www.indeed.com/viewjob?jk=f1364c19119f4221&from=serp&vjs=3
Production Associate,Five Star Race Car Bodies,"Twin Lakes, WI",https://www.indeed.com/viewjob?jk=7fe1ad4e7f91c474&from=serp&vjs=3
NEST Database Administrator,Rice University,"Houston, TX",https://www.indeed.com/viewjob?jk=9fa14d1574cc54ac&from=serp&vjs=3
Chemistry Itern - RDI,Merieux NutriSciences,"Crete, IL",https://www.indeed.com/viewjob?jk=8875b03f7f2f1bbc&from=serp&vjs=3
Quality Technician,OWENS CORNING,"Joplin, MO",https://www.indeed.com/viewjob?jk=113b0aa9c9a47ba7&from=serp&vjs=3
General Labor,Burke Painting,"San Diego, CA",https://www.indeed.com/viewjob?jk=580b5c593b0fe469&from=serp&vjs=3
"Analyst II, Application Development",E*TRADE,"Boston, MA",https://www.indeed.com/viewjob?jk=bfc49a46227d2f58&from=serp&vjs=3
Teacher,Lisa A Fortier,"Waterbury, CT",https://www.indeed.com/viewjob?jk=032f05c716fb5bd3&from=serp&vjs=3
Director of Spa and Wellness - Blackberry Mountain,Blackberry,"Walland, TN",https://www.indeed.com/viewjob?jk=ee87cf8a6efb54ff&from=serp&vjs=3
Logistics Coordinator,None,"Oklahoma City, OK",https://www.indeed.com/viewjob?jk=1c0fe61cbae06af7&from=serp&vjs=3
Director of Opertaions,The Platinum Experience LLC,"Scottsdale, AZ",https://www.indeed.com/viewjob?jk=03d63e9c19047330&from=serp&vjs=3
Research Microbiologist,Merieux NutriSciences,"Crete, IL",https://www.indeed.com/viewjob?jk=1bade35b77ae4094&from=serp&vjs=3
West Mifflin GetGo Now Hiring,GetGo,"West Mifflin, PA",https://www.indeed.com/viewjob?jk=77f4c1af82128f1d&from=serp&vjs=3
Drafter - Metal Fabrication,Harris Fabrication Inc.,"Topeka, KS",https://www.indeed.com/viewjob?jk=7161dd5392f51379&from=serp&vjs=3
Housekeeper,None,"Davenport, IA",https://www.indeed.com/viewjob?jk=cfa2fed4a70b0409&from=serp&vjs=3
Designer,Bould Design,"San Mateo, CA",https://www.indeed.com/viewjob?jk=04ea9b45015239dc&from=serp&vjs=3
Planner - Structural,VT Halter Marine,"Pascagoula, MS",https://www.indeed.com/viewjob?jk=eb1b9acefce22c68&from=serp&vjs=3
Waterworks GetGo Now Hiring,Giant Eagle,"Pittsburgh, PA",https://www.indeed.com/viewjob?jk=816ab278a30322d9&from=serp&vjs=3
Eagle’s Nest Cashier Full Time,Lake Of The Torches Resort Casino,"Lac du Flambeau, WI",https://www.indeed.com/viewjob?jk=158f8368a7bc8481&from=serp&vjs=3
Estimator,Norfolk Iron & Metal Co.,"Norfolk, NE",https://www.indeed.com/viewjob?jk=bcdf25ba1f207eca&from=serp&vjs=3
Wellness Support Assistant,The Family Center/La Familia,"Fort Collins, CO",https://www.indeed.com/viewjob?jk=6ea6b24f00a5aee6&from=serp&vjs=3
Cobb-Laying House Worker,"Tyson Foods, Inc.","Eastville, VA",https://www.indeed.com/viewjob?jk=af6bfabf88049e56&from=serp&vjs=3
IL - Champaign - GC II - $14.61 /hr; 40 hrs/wk,LUSA Associates / Ultima Services,"Champaign, IL",https://www.indeed.com/viewjob?jk=8cc7b15ea07e0ba3&from=serp&vjs=3
Toy Retail Salesperson,None,"Atlanta, GA",https://www.indeed.com/viewjob?jk=869c717b80b65d00&from=serp&vjs=3
Keeper II (Birds & Mammals),Loveland Living Planet Aquarium,"Draper, UT",https://www.indeed.com/viewjob?jk=476b26d6f5db27fa&from=serp&vjs=3
Operations Lead - Sample Receiving,Merieux NutriSciences,"Crete, IL",https://www.indeed.com/viewjob?jk=3f9dd8852569e731&from=serp&vjs=3
Sales Associate,260 Sample Sale,"Beverly Hills, CA",https://www.indeed.com/viewjob?jk=a02a24efe45c2d4e&from=serp&vjs=3
Fisheries Management Intern,Student Conservation Association,"Sunderland, MA",https://www.indeed.com/viewjob?jk=d11fa1b23bda0b4a&from=serp&vjs=3
Farm Caretaker,Aviagen,"Walpole, NH",https://www.indeed.com/viewjob?jk=014b0ef233b0ced0&from=serp&vjs=3
Benchman,NINE THIRTEEN INTERIOR,"Denver, CO",https://www.indeed.com/viewjob?jk=bcfa06937006e4c9&from=serp&vjs=3
AR - Piggott - General Clerk III - 40 hrs/wk; $14.58 /hr,LUSA Associates / Ultima Services,"Piggott, AR",https://www.indeed.com/viewjob?jk=80faf6eee4a40db2&from=serp&vjs=3
Receptionist,None,"Greenbelt, MD",https://www.indeed.com/viewjob?jk=1b9e3fb7180a0c09&from=serp&vjs=3
Manufacturing Technician,Blount International,"Mosinee, WI",https://www.indeed.com/viewjob?jk=3cecfca8dd019a03&from=serp&vjs=3
Wellness Support Lead,The Family Center/La Familia,"Fort Collins, CO",https://www.indeed.com/viewjob?jk=1845e1a58d16dd38&from=serp&vjs=3
Sales Management- Active Adult,Oakwood Homes LLC,"Denver, CO",https://www.indeed.com/viewjob?jk=a68f9761baac8ed2&from=serp&vjs=3
Sample Receiving - Login Technician,Merieux NutriSciences,"Crete, IL",https://www.indeed.com/viewjob?jk=bbab446bf712befa&from=serp&vjs=3
Start Technician,Pointe Pest Control,"Vancouver, WA",https://www.indeed.com/viewjob?jk=98ad2af79c86e885&from=serp&vjs=3
Fragrance Freelance Associate,None,"Oak Brook, IL",https://www.indeed.com/viewjob?jk=bf7ae45c322eb0e8&from=serp&vjs=3
Front Desk Receptionist,None,"Lakewood, CO",https://www.indeed.com/viewjob?jk=b87b47b3ac4c4b56&from=serp&vjs=3
Educational Assistant in Owls' Nest - Specialized Autism Classroom,South Lane School District,"Cottage Grove, OR",https://www.indeed.com/viewjob?jk=0dda42a6db6e447d&from=serp&vjs=3
Substitute - Robins Nest,Gifford Medical Center,"Randolph, VT",https://www.indeed.com/viewjob?jk=fdb79b3e6ff1c0af&from=serp&vjs=3
"Scientist II, Protein Sciences",bluebird bio,"Seattle, WA",https://www.indeed.com/viewjob?jk=bd08616095283891&from=serp&vjs=3
Accountant,None,"Mustang, OK",https://www.indeed.com/viewjob?jk=3074ffac47d9ce25&from=serp&vjs=3
SHOREBIRD MONITOR INTERNSHIP,U.S. Fish & Wildlife Service - Stewart B. McKinney...,"Westbrook, CT",https://www.indeed.com/viewjob?jk=d2497652a023945e&from=serp&vjs=3
Squirrel Hill GetGo Now Hiring,GetGo,"Pittsburgh, PA",https://www.indeed.com/viewjob?jk=8324d0abdc34ab33&from=serp&vjs=3
Material Coordinator,ORBIS Corporation,"Greenville, SC",https://www.indeed.com/viewjob?jk=3635829ad77940cf&from=serp&vjs=3
Strategy Manager,Full Beaker,"Bellevue, WA",https://www.indeed.com/viewjob?jk=955cc487d356f9fc&from=serp&vjs=3
Satellite Installation Technician,Rangers Premium Services,"Canton, GA",https://www.indeed.com/viewjob?jk=b8eafb9049ad8be5&from=serp&vjs=3
"Systems Platform and Architect Hardware Engineer, Nest",Google,"Mountain View, CA",https://www.indeed.com/viewjob?jk=9cf8d43c89301b83&from=serp&vjs=3
Laser Operator,eti FAB,"Westfield, IN",https://www.indeed.com/viewjob?jk=cec8dbdb3ea67eb4&from=serp&vjs=3
High Net Worth Financial Advisor,The Motley Fool,"Denver, CO",https://www.indeed.com/viewjob?jk=8f3ff0e86f53bc8e&from=serp&vjs=3
Director Quality Control,bluebird bio,"Durham, NC",https://www.indeed.com/viewjob?jk=e719f59a1b5031c1&from=serp&vjs=3
Beach Associate,CabanUp AMI Beach Rentals,"Holmes Beach, FL",https://www.indeed.com/viewjob?jk=c8d8377c931a1469&from=serp&vjs=3
Sample Receiving Technician,Merieux NutriSciences,"Crete, IL",https://www.indeed.com/viewjob?jk=8e81c8de565f1ae6&from=serp&vjs=3
Environmental Monitor,Rokstad Power,"Charleston, WV",https://www.indeed.com/viewjob?jk=8e41a98b921a4fbd&from=serp&vjs=3
Consumer Loan Collector,Homeplus Finance Corporation,"El Segundo, CA",https://www.indeed.com/viewjob?jk=7806030b5a6696ff&from=serp&vjs=3
Residential Learning Coordinator – TRINsition Fellow,Trinity College,"Hartford, CT",https://www.indeed.com/viewjob?jk=94f8c8d76f2a5d60&from=serp&vjs=3
Manhattan Area IT Field Technician,Techmate,"Manhattan, NY",https://www.indeed.com/viewjob?jk=994ad19cf21d95eb&from=serp&vjs=3
Cupola Operator,OWENS CORNING,"Joplin, MO",https://www.indeed.com/viewjob?jk=7f1bbceb2d6beb75&from=serp&vjs=3
AR - McGehee - Office Clerk III - 40 hrs/wk; $12.90 /hr,LUSA Associates / Ultima Services,"McGehee, AR",https://www.indeed.com/viewjob?jk=b08ebe05c08baec3&from=serp&vjs=3
In Home Program Director,"Cardinal of Minnesota, Ltd.","Rochester, MN",https://www.indeed.com/viewjob?jk=f0dd21b36829b8eb&from=serp&vjs=3
"General Laborer (M-Th, 6 am-4:30 pm)",Rich Products Corporation,"Niles, IL",https://www.indeed.com/viewjob?jk=4e8acf28131f567b&from=serp&vjs=3
Research Molecular Biologist,Merieux NutriSciences,"Crete, IL",https://www.indeed.com/viewjob?jk=6f69cbf88806d21c&from=serp&vjs=3
Manager for Gymnastics Center,None,"Eagle, ID",https://www.indeed.com/viewjob?jk=d9636ab7c2dae712&from=serp&vjs=3
After School Care Specialist,Academy of Whole Learning,"Minneapolis, MN",https://www.indeed.com/viewjob?jk=fc098b5c1f1ebc77&from=serp&vjs=3
Validation Engineer,bluebird bio,"Durham, NC",https://www.indeed.com/viewjob?jk=db5e9a7e53166864&from=serp&vjs=3
Data Entry Associate,None,"Mantua, NJ",https://www.indeed.com/viewjob?jk=88611c967110babf&from=serp&vjs=3
Neonatologist,Mednax,"Anchorage, AK",https://www.indeed.com/viewjob?jk=198f9f720d746a48&from=serp&vjs=3
Investor Relations Associate,Senti Biosciences,"San Francisco, CA",https://www.indeed.com/viewjob?jk=0220b5f549d8bccc&from=serp&vjs=3
Product Manager,Corvus Insurance,Massachusetts,https://www.indeed.com/viewjob?jk=bccdfd186d62203a&from=serp&vjs=3
Farm Lead,Butterball,"Goldsboro, NC",https://www.indeed.com/viewjob?jk=f92cb1196bf59d6f&from=serp&vjs=3
CAD Technician,Schaffer Manufacturing,"Milltown, WI",https://www.indeed.com/viewjob?jk=d3d999f50b3c2b6e&from=serp&vjs=3
Nesting Operator,Cambria,"Greenfield, IN",https://www.indeed.com/viewjob?jk=ce282a61f6dd8b6a&from=serp&vjs=3
Senior Accountant II,bluebird bio,Massachusetts,https://www.indeed.com/viewjob?jk=6d8878b751730f5a&from=serp&vjs=3
Land Reclamation Intern,Bayer,"Soda Springs, ID",https://www.indeed.com/viewjob?jk=14292ed55643f319&from=serp&vjs=3
Sales Associate,None,"Nashville, TN",https://www.indeed.com/viewjob?jk=e8598f00bc0e23c4&from=serp&vjs=3
East Wylie GetGo Now Hiring,GetGo,"Washington, PA",https://www.indeed.com/viewjob?jk=8a287e824297d6bc&from=serp&vjs=3
Project Director - ASD Nest Support Project,New York University,"New York, NY",https://www.indeed.com/viewjob?jk=babde357dedb9fc0&from=serp&vjs=3
Sales Associate,None,"Austin, TX",https://www.indeed.com/viewjob?jk=f8a4b358d705d25d&from=serp&vjs=3
Business Manager,SailFuture,"Saint Petersburg, FL",https://www.indeed.com/viewjob?jk=3563c3d38f4255fa&from=serp&vjs=3
Middle School Math Teacher,None,"Lauderhill, FL",https://www.indeed.com/viewjob?jk=17ac20c9a5517b12&from=serp&vjs=3
Lead Toddler Teacher,None,"Tampa, FL",https://www.indeed.com/viewjob?jk=57e7da5ed24ea42e&from=serp&vjs=3
Lead Teacher,None,"Southfield, MI",https://www.indeed.com/viewjob?jk=b8fcf8969b249f85&from=serp&vjs=3
Toddler Teacher,None,"Madison Heights, MI",https://www.indeed.com/viewjob?jk=8974e8b4084574ff&from=serp&vjs=3
Certified Childcare Teacher,None,"Boston, MA",https://www.indeed.com/viewjob?jk=164431f2051273eb&from=serp&vjs=3
"Lead Infant, Toddler & Preschool Teacher",None,"Inkster, MI",https://www.indeed.com/viewjob?jk=10cf1afb5e8102e3&from=serp&vjs=3
Registered Nurse (RN) Per Diem,None,"Alexandria, VA",https://www.indeed.com/viewjob?jk=d9d300b510a56010&from=serp&vjs=3
Child Care Teacher - 3-5 Year Olds,None,"Luck, WI",https://www.indeed.com/viewjob?jk=3e9e0595ac17b0c0&from=serp&vjs=3
